AB;[Rw' U: [U r U', R]]
BA;[Rw' U: [U r U', R]] inv
AD;[Lw' U: [L, U l U']]
DA;[Lw' U: [L, U l U']] inv
AE;[x' U: [U r2 U', L']]
EA;[x' U: [U r2 U', L']] inv
AF;[L: [r' D r, U2]]
FA;[L: [r' D r, U2]] inv
AG;[r' D r, U2]]
GA;[r' D r, U2]] inv
AH;[L': [U2, l' D' l]]
HA;[L': [U2, l' D' l]] inv
AI;[Lw' D': [l' D l, U2]]
IA;[Lw' D': [l' D l, U2]] inv
AJ;[Lw' U': [R, U' l U]]
JA;[Lw' U': [R, U' l U]] inv
AK;[D': [r' D r, U2]]
KA;[D': [r' D r, U2]] inv
AL;[Rw' U': [U' r U, L']]
LA;[Rw' U': [U' r U, L']] inv
AM;[x' U': [U' r2 U, R]]
MA;[x' U': [U' r2 U, R]] inv
AN;[R: [r' D' r, U2]]
NA;[R: [r' D' r, U2]] inv
AO;[r' D' r, U2]
OA;[r' D' r, U2] inv
AP;[R': [r' D' r, U2]]
PA;[R': [r' D' r, U2]] inv
AQ;[Rw' D': [U2, r' D r]]
QA;[Rw' D': [U2, r' D r]] inv
AR;[r' U': [U' r U, L]]
RA;[r' U': [U' r U, L]] inv
AS;[D': [U2, l' D l]]
SA;[D': [U2, l' D l]] inv
AT;[Lw' U': [R', U' l U]]
TA;[Lw' U': [R', U' l U]] inv
AU;[Rw U2 l' U2 Rw', U2]]
UA;[Rw U2 l' U2 Rw', U2]] inv
AV;[Rw' U: [U r U', R']]
VA;[Rw' U: [U r U', R']] inv
AW;[U2, Lw U2 r' U2 Lw']
WA;[U2, Lw U2 r' U2 Lw'] inv
AX;[Lw' U: [L', U l U']]
XA;[Lw' U: [L', U l U']] inv
BD;[Rw' U': [U' R U, r]]
DB;[Rw' U': [U' R U, r]] inv
BE;[U': [Rw U R' U', l']]
EB;[U': [Rw U R' U', l']] inv
BF;[x' R: [D, r U r']]
FB;[x' R: [D, r U r']] inv
BG;[r' D r, U]
GB;[r' D r, U] inv
BH;[x Rw': [r' D r, U]]
HB;[x Rw': [r' D r, U]] inv
BI;[Rw2: [r' U2 r, D]]
IB;[Rw2: [r' U2 r, D]] inv
BJ;[x' R: [U r U', R]]
JB;[x' R: [U r U', R]] inv
BK;[R: [r, U' R' U]]
KB;[R: [r, U' R' U]] inv
BL;[z': [L', U r2 U']]
LB;[z': [L', U r2 U']] inv
BM;[U Lw U: [L', U l2 U']]
MB;[U Lw U: [L', U l2 U']] inv
BN;[R D': [r, U' R' U]]
NB;[R D': [r, U' R' U]] inv
BO;[r' D' r, U]
OB;[r' D' r, U] inv
BP;[z R: [U l' U', R]]
PB;[z R: [U l' U', R]] inv
BQ;[R': [r', U' R U]]
QB;[R': [r', U' R U]] inv
BR;[z': [L', U' l2 U]]
RB;[z': [L', U' l2 U]] inv
BS;[r' D2 r, U]
SB;[r' D2 r, U] inv
BT;[x': [R, U r U']]
TB;[x': [R, U r U']] inv
BU;[x' R: [r U r', D2]]
UB;[x' R: [r U r', D2]] inv
BV;[x' R: [U r U', R2]]
VB;[x' R: [U r U', R2]] inv
BW;[r2, R U' R' U]
WB;[r2, R U' R' U] inv
BX;[x' R U: [r, U L U']]
XB;[x' R U: [r, U L U']] inv
DE;[Rw' y r': [U2, r' D r]]
ED;[Rw' y r': [U2, r' D r]] inv
DF;[z' L': [U' l' U, L']]
FD;[z' L': [U' l' U, L']] inv
DG;[r' D r, U']
GD;[r' D r, U'] inv
DH;[x Rw' D: [r, U L U']]
HD;[x Rw' D: [r, U L U']] inv
DI;[Lw U: [U l2 U', L']]
ID;[Lw U: [U l2 U', L']] inv
DJ;[z: [R, U' r2 U]]
JD;[z: [R, U' r2 U]] inv
DK;[x: [U L U', r']]
KD;[x: [U L U', r']] inv
DL;[x' L': [U' r U, L']]
LD;[x' L': [U' r U, L']] inv
DM;[U': [R U' R' U, r']]
MD;[U': [R U' R' U, r']] inv
DN;[R: [r' D' r, U']]
ND;[R: [r' D' r, U']] inv
DO;[r' D' r, U']
OD;[r' D' r, U'] inv
DP;[R': [r' D' r, U']]
PD;[R': [r' D' r, U']] inv
DQ;[r', L' U L U']
QD;[r', L' U L U'] inv
DR;[x': [L', U' r U]]
RD;[x': [L', U' r U]] inv
DS;[r' D2 r, U']
SD;[r' D2 r, U'] inv
DT;[z: [R, U l2 U']]
TD;[z: [R, U l2 U']] inv
DU;[Lw U: [U l U', L']]
UD;[Lw U: [U l U', L']] inv
DV;[Rw' U': [r, U' R' U]]
VD;[Rw' U': [r, U' R' U]] inv
DW;[r2, L' U L U']
WD;[r2, L' U L U'] inv
DX;[x' L': [U' r U, L2]]
XD;[x' L': [U' r U, L2]] inv
EF;[L: [L, D r' D']]
FE;[L: [L, D r' D']] inv
EG;[L2, D r' D']
GE;[L2, D r' D'] inv
EH;[x': [L', U r2 U']]
HE;[x': [L', U r2 U']] inv
EI;[x' Rw2 U': [U' l' U, L']]
IE;[x' Rw2 U': [U' l' U, L']] inv
EJ;[z' D: [l', U L' U']]
JE;[z' D: [l', U L' U']] inv
EK;[x: [U' L U, r]]
KE;[x: [U' L U, r]] inv
EL;[x' Rw2 D': [r', U' L' U]]
LE;[x' Rw2 D': [r', U' L' U]] inv
EM;[Rw' U: [r2, U R U']]
ME;[Rw' U: [r2, U R U']] inv
EN;[x' U': [U' L' U, r2]]
NE;[x' U': [U' L' U, r2]] inv
EO;[Rw' U: [r2, U R' U']]
OE;[Rw' U: [r2, U R' U']] inv
EP;[r' U: [r2, U R U']]
PE;[r' U: [r2, U R U']] inv
EQ;[L' U' L U, r]
QE;[L' U' L U, r] inv
ER;[x D': [r', U' L U]]
RE;[x D': [r', U' L U]] inv
ES;[x U': [U' l' U, L]]
SE;[x U': [U' l' U, L]] inv
ET;[Rw: [U, r D r']]
TE;[Rw: [U, r D r']] inv
EU;[r: [r D2 r', U]]
UE;[r: [r D2 r', U]] inv
EV;[r: [r D r', U]]
VE;[r: [r D r', U]] inv
EW;[x: [r2, U' L U]]
WE;[x: [r2, U' L U]] inv
EX;[r: [r D' r', U]]
XE;[r: [r D' r', U]] inv
FG;[L, D r' D']
GF;[L, D r' D'] inv
FH;[x': [L2, U r2 U']]
HF;[x': [L2, U r2 U']] inv
FI;[Rw' U: [L', U r2 U']]
IF;[Rw' U: [L', U r2 U']] inv
FJ;[z': [l', U L' U']]
JF;[z': [l', U L' U']] inv
FK;[D' L D, r']
KF;[D' L D, r'] inv
FL;[u x': [U' r U, L2]]
LF;[u x': [U' r U, L2]] inv
FM;[r' U': [U' L' U, r2]]
MF;[r' U': [U' L' U, r2]] inv
FN;[z' l': [U L' U', l2]]
NF;[z' l': [U L' U', l2]] inv
FO;[y': [U' r U, L]]
OF;[y': [U' r U, L]] inv
FP;[R' y': [U' r U, L]]
PF;[R' y': [U' r U, L]] inv
FQ;[U' L' U, r]
QF;[U' L' U, r] inv
FR;[z: [r, U R U']]
RF;[z: [r, U R U']] inv
FS;[x': [r U2 r', D]]
SF;[x': [r U2 r', D]] inv
FT;[x': [r U r', D]]
TF;[x': [r U r', D]] inv
FU;[Rw U': [U' l' U, L']]
UF;[Rw U': [U' l' U, L']] inv
FV;[D r': [U' L' U, r2]]
VF;[D r': [U' L' U, r2]] inv
FW;[r: [U' L' U, r2]]
WF;[r: [U' L' U, r2]] inv
FX;[D' r': [U' L' U, r2]]
XF;[D' r': [U' L' U, r2]] inv
GH;[D r' D', L']
HG;[D r' D', L'] inv
GI;[l': [l' D' l, U2]]
IG;[l': [l' D' l, U2]] inv
GJ;[D: [U' R U, r]]
JG;[D: [U' R U, r]] inv
GK;[x: [r, U' L' U]]
KG;[x: [r, U' L' U]] inv
GL;[D: [U L' U', r]]
LG;[D: [U L' U', r]] inv
GM;[D x: [r, U R' U']]
MG;[D x: [r, U R' U']] inv
GN;[y' U: [U L U', r]]
NG;[y' U: [U L U', r]] inv
GO;[y': [r U r', D2]]
OG;[y': [r U r', D2]] inv
GP;[y': [R', U r U']]
PG;[y': [R', U r U']] inv
GQ;[U' L2 U, r]
QG;[U' L2 U, r] inv
GR;[D: [U L U', r]]
RG;[D: [U L U', r]] inv
GS;[y': [r U r', D]]
SG;[y': [r U r', D]] inv
GT;[D: [U' R' U, r]]
TG;[D: [U' R' U, r]] inv
GU;[y': [R2, U r U']]
UG;[y': [R2, U r U']] inv
GV;[R2: [U, r' D r]]
VG;[R2: [U, r' D r]] inv
GW;[x: [U' L' U, r2]]
WG;[x: [U' L' U, r2]] inv
GX;[y' Rw: [D2, r U' r']]
XG;[y' Rw: [D2, r U' r']] inv
HI;[x' Rw': [r' D r, U2]]
IH;[x' Rw': [r' D r, U2]] inv
HJ;[x r': [U, r' D r]]
JH;[x r': [U, r' D r]] inv
HK;[r: [r, U' L U]]
KH;[r: [r, U' L U]] inv
HL;[z: [U' R U, l]]
LH;[z: [U' R U, l]] inv
HM;[x' U: [r2, U R U']]
MH;[x' U: [r2, U R U']] inv
HN;[Rw' U: [U L U', r]]
NH;[Rw' U: [U L U', r]] inv
HO;[x' U': [r, U' R' U]]
OH;[x' U': [r, U' R' U]] inv
HP;[z l: [U' R U, l2]]
PH;[z l: [U' R U, l2]] inv
HQ;[U' L U, r]
QH;[U' L U, r] inv
HR;[z' x' Rw': [r' D r, U2]]
RH;[z' x' Rw': [r' D r, U2]] inv
HS;[L' y': [r U r', D]]
SH;[L' y': [r U r', D]] inv
HT;[z': [r', U' L' U]]
TH;[z': [r', U' L' U]] inv
HU;[Rw U': [U' l' U, L]]
UH;[Rw U': [U' l' U, L]] inv
HV;[D r': [U' L U, r2]]
VH;[D r': [U' L U, r2]] inv
HW;[r': [U' L U, r2]]
WH;[r': [U' L U, r2]] inv
HX;[Dw': [r2, U' R' U]]
XH;[Dw': [r2, U' R' U]] inv
IJ;[Lw2 U': [R, U' l U]]
JI;[Lw2 U': [R, U' l U]] inv
IK;[3Lw' D': [r' D r, U2]]
KI;[3Lw' D': [r' D r, U2]] inv
IL;[Lw2 U: [L, U l U']]
LI;[Lw2 U: [L, U l U']] inv
IM;[Rw' U': [U' r2 U, R]]
MI;[Rw' U': [U' r2 U, R]] inv
IN;[x r': [r' D' r, U2]]
NI;[x r': [r' D' r, U2]] inv
IO;[Lw': [U2, l' D l]]
OI;[Lw': [U2, l' D l]] inv
IP;[Rw2 U': [U' r' U, R']]
PI;[Rw2 U': [U' r' U, R']] inv
IQ;[Rw D: [r D' r', U2]]
QI;[Rw D: [r D' r', U2]] inv
IR;[Lw2 U: [L', U l U']]
RI;[Lw2 U: [L', U l U']] inv
IS;[D' Lw': [U2, l' D l]]
SI;[D' Lw': [U2, l' D l]] inv
IT;[x Lw: [U2, l D' l']]
TI;[x Lw: [U2, l D' l']] inv
IU;[3Rw D: [U2, l D' l']]
UI;[3Rw D: [U2, l D' l']] inv
IV;[r: [r D r', U2]]
VI;[r: [r D r', U2]] inv
IW;[D r: [r D' r', U2]]
WI;[D r: [r D' r', U2]] inv
IX;[r: [r D' r', U2]]
XI;[r: [r D' r', U2]] inv
JK;[r, U' R U]
KJ;[r, U' R U] inv
JL;[z U': [U' r2 U, R]]
LJ;[z U': [U' r2 U, R]] inv
JM;[F: [U' r2 U, R]]
MJ;[F: [U' r2 U, R]] inv
JN;[z': [U L' U', l]]
NJ;[z': [U L' U', l]] inv
JO;[D': [r, U' R U]]
OJ;[D': [r, U' R U]] inv
JP;[Dw x': [R2, U r U']]
PJ;[Dw x': [R2, U r U']] inv
JQ;[r', U' R U]
QJ;[r', U' R U] inv
JR;[z: [r2, U R U']]
RJ;[z: [r2, U R U']] inv
JS;[U': [U' r' U, R]]
SJ;[U': [U' r' U, R]] inv
JT;[x': [R2, U' r2 U]]
TJ;[x': [R2, U' r2 U]] inv
JU;[U': [U' l2 U, R]]
UJ;[U': [U' l2 U, R]] inv
JV;[R', D r2 D']
VJ;[R', D r2 D'] inv
JW;[r2, U' R U]
WJ;[r2, U' R U] inv
JX;[D': [r2, U' R U]]
XJ;[D': [r2, U' R U]] inv
KL;[U L' U', r]
LK;[U L' U', r] inv
KM;[Rw: [r, U R' U']]
MK;[Rw: [r, U R' U']] inv
KN;[r', D R D']
NK;[r', D R D'] inv
KO;[Rw: [U R U', r]]
OK;[Rw: [U R U', r]] inv
KP;[r', D R' D']
PK;[r', D R' D'] inv
KQ;[D Rw: [r', U R U']]
QK;[D Rw: [r', U R U']] inv
KR;[U L' U', r]
RK;[U L' U', r] inv
KS;[U: [r U' r', D2]]
SK;[U: [r U' r', D2]] inv
KT;[U' R' U, r]
TK;[U' R' U, r] inv
KU;[x' Rw U: [r U' r', D2]]
UK;[x' Rw U: [r U' r', D2]] inv
KV;[U' R2 U, r]
VK;[U' R2 U, r] inv
KW;[U' Rw: [U' R' U, r]]
WK;[U' Rw: [U' R' U, r]] inv
KX;[U L2 U', r]
XK;[U L2 U', r] inv
LM;[z D': [l', U' R U]]
ML;[z D': [l', U' R U]] inv
LN;[r': [U', r' D' r]]
NL;[r': [U', r' D' r]] inv
LO;[D': [r, U L' U']]
OL;[D': [r, U L' U']] inv
LP;[z: [U' R U, l']]
PL;[z: [U' R U, l']] inv
LQ;[r', U L' U']
QL;[r', U L' U'] inv
LR;[x': [L2, U' r U]]
RL;[x': [L2, U' r U]] inv
LS;[U: [U l U', L']]
SL;[U: [U l U', L']] inv
LT;[z': [r2, U' L' U]]
TL;[z': [r2, U' L' U]] inv
LU;[U: [U l2 U', L']]
UL;[U: [U l2 U', L']] inv
LV;[D: [U L' U', r2]]
VL;[D: [U L' U', r2]] inv
LW;[r2, U L' U']
WL;[r2, U L' U'] inv
LX;[L, D r2 D']
XL;[L, D r2 D'] inv
MN;[x': [R, U' r2 U]]
NM;[x': [R, U' r2 U]] inv
MO;[R2, D' r' D]
OM;[R2, D' r' D] inv
MP;[R2: [D' r' D, R]]
PM;[R2: [D' r' D, R]] inv
MQ;[R U R' U', r]
QM;[R U R' U', r] inv
MR;[x' R': [r U' r', D']]
RM;[x' R': [r U' r', D']] inv
MS;[x U: [U l' U', R']]
SM;[x U: [U l' U', R']] inv
MT;[x D: [r', U R' U']]
TM;[x D: [r', U R' U']] inv
MU;[r: [r D2 r', U']]
UM;[r: [r D2 r', U']] inv
MV;[r: [r D r', U']]
VM;[r: [r D r', U']] inv
MW;[Rw': [U R U', r2]]
WM;[Rw': [U R U', r2]] inv
MX;[r: [r D' r', U']]
XM;[r: [r D' r', U']] inv
NO;[R, D' r' D]
ON;[R, D' r' D] inv
NP;[x': [U' r2 U, R2]]
PN;[x': [U' r2 U, R2]] inv
NQ;[U R' U', r]
QN;[U R' U', r] inv
NR;[z: [r, U R U']]
RN;[z: [r, U R U']] inv
NS;[R y: [r U' r', D']]
SN;[R y: [r U' r', D']] inv
NT;[z x': [r': [r' D' r, U2]]
TN;[z x': [r': [r' D' r, U2]] inv
NU;[r U: [U l' U', R']]
UN;[r U: [U l' U', R']] inv
NV;[D r': [U R' U', r2]]
VN;[D r': [U R' U', r2]] inv
NW;[r': [U R' U', r2]]
WN;[r': [U R' U', r2]] inv
NX;[D' r': [U R' U', r2]]
XN;[D' r': [U R' U', r2]] inv
OP;[D' r' D, R']
PO;[D' r' D, R'] inv
OQ;[U R2 U', r]
QO;[U R2 U', r] inv
OR;[D': [U L U', r]]
RO;[D': [U L U', r]] inv
OS;[D, l U2 l']
SO;[D, l U2 l'] inv
OT;[D': [U' R' U, r]]
TO;[D': [U' R' U, r]] inv
OU;[x Rw': [U2, r' D' r]]
UO;[x Rw': [U2, r' D' r]] inv
OV;[y' r: [D2, r U r']]
VO;[y' r: [D2, r U r']] inv
OW;[Rw': [U R' U', r2]]
WO;[Rw': [U R' U', r2]] inv
OX;[L2: [U', r' D' r]]
XO;[L2: [U', r' D' r]] inv
PQ;[U R U', r]
QP;[U R U', r] inv
PR;[x': [r U' r', D']]
RP;[x': [r U' r', D']] inv
PS;[x': [D', r U2 r']]
SP;[x': [D', r U2 r']] inv
PT;[z': [r, U' L' U]]
TP;[z': [r, U' L' U]] inv
PU;[Rw: [r D2 r', U']]
UP;[Rw: [r D2 r', U']] inv
PV;[D r': [U R U', r2]]
VP;[D r': [U R U', r2]] inv
PW;[r': [U R U', r2]]
WP;[r': [U R U', r2]] inv
PX;[Rw: [r D' r', U']]
XP;[Rw: [r D' r', U']] inv
QR;[U L U', r']
RQ;[U L U', r'] inv
QS;[y': [L2, U r U']]
SQ;[y': [L2, U r U']] inv
QT;[U' R' U, r']
TQ;[U' R' U, r'] inv
QU;[y: [L2, U' r' U]]
UQ;[y: [L2, U' r' U]] inv
QV;[U' R2 U, r']
VQ;[U' R2 U, r'] inv
QW;[D': [U' R2 U, r']]
WQ;[D': [U' R2 U, r']] inv
QX;[U L2 U', r']
XQ;[U L2 U', r'] inv
RS;[U: [U l U', L]]
SR;[U: [U l U', L]] inv
RT;[Rw' U: [U L U', r]]
TR;[Rw' U: [U L U', r]] inv
RU;[U: [U l2 U', L]]
UR;[U: [U l2 U', L]] inv
RV;[D: [r2, U L U']]
VR;[D: [r2, U L U']] inv
RW;[r2, U L U']
WR;[r2, U L U'] inv
RX;[x': [U' r U, L]]
XR;[x': [U' r U, L]] inv
ST;[U': [R, U' r' U]]
TS;[U': [R, U' r' U]] inv
SU;[U' x' L': [U R U', l]]
US;[U' x' L': [U R U', l]] inv
SV;[x' U': [U r U', R']]
VS;[x' U': [U r U', R']] inv
SW;[U r: [r U' r', D2]]
WS;[U r: [r U' r', D2]] inv
SX;[x' U': [U' r U, L]]
XS;[x' U': [U' r U, L]] inv
TU;[U': [R', U' l2 U]]
UT;[U': [R', U' l2 U]] inv
TV;[x': [U r U', R']]
VT;[x': [U r U', R']] inv
TW;[r2, U' R' U]
WT;[r2, U' R' U] inv
TX;[D': [r2, U' R' U]]
XT;[D': [r2, U' R' U]] inv
UV;[r y: [D, l' U l]]
VU;[r y: [D, l' U l]] inv
UW;[x: [U2, Lw' U2 r U2 Lw]]
WU;[x: [U2, Lw' U2 r U2 Lw]] inv
UX;[Rw y': [D', l' U' l]]
XU;[Rw y': [D', l' U' l]] inv
VW;[U' R2 U, r2] inv
WV;[U' R2 U, r2]
VX;[R D': [r2, U' R U]]
XV;[R D': [r2, U' R U]] inv
WX;[x Rw': [U L' U', r2]]
XW;[x Rw': [U L' U', r2]] inv
