BD;U' M' U2 M U'
DB;U M' U2 M U
BJ;[U' M2 U, R]
JB;[R, U' M2 U]
EM;M U' M U2 M' U' M'
ME;M U M U2 M' U M'
WA;M' Uw2 M' Uw2
WC;u2 M' u2 M'
AW;Uw2 M Uw2 M
CW;M Uw2 M Uw2
AC;M' U2 M U2
EC;[M: Uw M' Uw2 M' Uw]
WD;Uw M' Uw2 M' Uw
BW;Uw M Uw2 M Uw
WB;Uw' M' Uw2 M' Uw'
DW;Uw' M Uw2 M Uw'
AI;[D: U R2 U', M']
IA;[D: M', U R2 U']
BI;[F R' F', M']
IB;[M', F R' F']
DI;[x: U' L U, M']
ID;[x: M', U' L U]
EI;[L' U L U', M']
IE;[M', L' U L U']
FI;[U L' U', M']
IF;[M', U L' U']
GI;[U L2 U', M']
IG;[M', U L2 U']
HI;[U L U', M']
IH;[M', U L U']
IJ;[x: M', R' U R U']
JI;[x: R' U R U', M']
IL;"[x L'; M', U' L U]"
LI;"[x L'; U' L U, M']"
IM;[M', R U' R' U]
MI;[R U' R' U, M']
IN;[M', U' R' U]
NI;[U' R' U, M']
CA;U2 M' U2 M
IO;[M', U' R2 U]
OI;[U' R2 U, M']
IP;[M', U' R U]
PI;[U' R U, M']
IQ;U' M U M U2 M' U M' U (U': ME)
QI;U M U M U2 M' U M' U' (U: ME)
IR;[M', F' L2 F]
RI;[F' L2 F, M']
IS;[x D: M', U R2 U'] (x: IA)
SI;[x D: U R2 U', M'] (x: AI)
IT;[M', F R2 F']
TI;[F R2 R', M']
IV;[M', F R F']
VI;[F R F', M']
IW;[U' M U' M', D2]
WI;[D2, U' M U' M']
IX;[M', F' L' F]
XI;[F' L' F, M']
AS;[U x': U R U', M]
SA;[U x': M, U R U']
AN;[M2, u R u']
NA;[Uw R Uw', M2]
BV;[U' M2 U, R2]
VB;[R2, U' M2 U]
BT;[U' M2 U, R']
TB;[R', U' M2 U]
JV;"[R; U' M2 U, R]"
VJ;"[R; R, U' M2 U]"
JT;"[R; U' M2 U, R2]"
TJ;"[R; R2, U' M2 U]"
VT;"[R'; R', U' M2 U]"
TV;"[R'; U' M2 U, R']"
DL;[U M2 U', L']
LD;[L', U M2 U']
DX;[U M2 U', L2]
XD;[L2, U M2 U']
DR;[U M2 U', L]
RD;[L, U M2 U']
LX;"[L'; U M2 U', L']"
XL;"[L'; L', U M2 U']"
LR;"[L'; U M2 U', L2]"
RL;"[L'; L2, U M2 U']"
XR;"[L; L, U M2 U']"
RX;"[L; U M2 U', L]"
BS;[x': U R U', M]
SB;[x': M, U R U']
CS;x: U' M U M U2 M' U M' U (x U': ME)
SC;x: U M U M U2 M' U M' U' (x U: ME)
DS;[x': U' L' U, M]
SD;[x': M, U' L' U]
ES;[x: M', U L U']
SE;[x: U L U', M']
FS;"[M'; M', U L' U']"
SF;"[M'; U L' U', M']"
GS;"[M'; M', U L2 U']"
SG;"[M'; U L2 U', M']"
HS;"[M'; M', U L U']"
SH;"[M'; U L U', M']"
JS;"[M2; M', U R U']"
SJ;"[M2; U R U', M']"
LS;"[M; U' L' U, M]"
SL;"[M; M, U' L' U]"
MS;"[M'; M', R U' R' U]"
SM;"[M'; R U' R' U, M']"
NS;"[M'; M', U' R' U]"
SN;"[M'; U' R' U, M']"
OS;"[M'; M', U' R2 U]"
SO;[M', U' R2 U, M']
PS;"[M'; M', U' R U]"
SP;"[M'; U' R U, M']"
QS;[x' U: M' U M' U2 M U M]
SQ;[x' U': M' U M' U2 M U M]
RS;"[M; U' L U, M]"
SR;"[M; M, U' L U]"
TS;"[M2; M', U R' U']"
ST;"[M2; U R' U', M']"
VS;[x': U R' U', M]
SV;[x': M, U R' U']
SX;[x': M, U' L U]
XS;[x': U' L U, M]
MC;M: Uw' M' Uw2 M' Uw'
CM;M: Uw M Uw2 M Uw
CE;[M: Uw' M Uw2 M Uw']
QA;F2: M' U M' U M' U2 M U M U M U2
AQ;F2: M' U M' U M' U2 M U M U M U2
QB;[M: U M U M' *2]
BQ;[M: M U' M' U' *2]
QC;"[U; R' F' R, S]"
CQ;"[U; S, R' F' R]"
QD;[M: U' M U' M' *2]
DQ;[M: M U M' U *2]
QE;[U M' U M*2]
EQ;[M' U' M U'*2]
QH;"[U'; U' M' U, L]"
HQ;"[U'; L, U' M' U]"
QL;[F': U R U', M2]
LQ;[F': M2, U R U']
QM;U' M' U' M U' M' U' M
MQ;M' U M U M' U M U
QP;"[U; R, U M' U']"
PQ;"[U; U M' U', R]"
QR;[Uw': U' M' U, L']
RQ;[Uw': L', U' M' U]
QT;[Uw: U M' U', R]
TQ;[Uw: R, U M' U']
QV;[D', U M' U M]
VQ;[U M' U M, D']
QW;[U M U' M', D2]
WQ;[D2, U M U' M']
QX;[D, U' M' U' M]
XQ;[U' M' U' M, D]
AB;[R U' R': U M' U2 M U]
BA;[R U' R': U' M' U2 M U']
AD;[L' U L: U' M' U2 M U']
DA;[L' U L: U M' U2 M U]
AE;[x': M2, U L' U']
EA;[x': U L' U', M2]
AF;[Uw' R: U M' U2 M U]
FA;[Uw' R: U' M' U2 M U']
AG;[D': U' L2 U, M]
GA;[D': M, U' L2 U]
AH;"[M'; U L U', M2] \n [M2, Uw R' Uw']"
HA;"[M; U L U', M2] \n [Uw R' Uw', M2]"
AJ;[M2, U R U']
JA;[U R U', M2]
AL;[M2, U' L' U]
LA;[U' L' U, M2]
AM;"[R M'; U' R' U, M2]"
MA;"[R M; U' R' U, M2]"
AO;[D: U R2 U', M]
OA;[D: M, U R2 U']
AP;[Uw' R': U M' U2 M U]
PA;[Uw' R': U' M' U2 M U']
AR;[M2, U' L U]
RA;[U' L U, M2]
AT;[M2, U R' U']
TA;[U R' U', M2]
AV;[M2, U R2 R']
VA;[U R2 R', M2]
AX;[M2, U' L2 U]
XA;[U' L2 U, M2]
BC;[R U R': U' M' U2 M U']
CB;[R U R': U M' U2 M U]
BE;[S', L F L']
EB;[L F L', S']
BF;"[R'; R' D R, E]</div>[L' S' L, F]"
FB;"[R'; E, R' D R]</div>[F, L' S' L]<br />Uw"
BG;[D: R2, U M' U']
GB;[D: U M' U', R2]
BH;"[L; S', L F L']<br>Uw'"
HB;"[L; L F L', S']<br>[Uw': U' L' U, M2]"
BL;[L': U' M' U2 M U']
LB;[L': U M' U2 M U]
BN;[Uw': M2, U' L U]
NB;[Uw': U' L U, M2]
BO;[S, R F' R']
OB;[R F' R', S]
BP;[Uw': M2, U R' U']
PB;[Uw': U R' U', M2]
BR;[L: U' M' U2 M U']
RB;[L: U M' U2 M U]
BX;[L2: U' M' U2 M U']
XB;[L2: U M' U2 M U]
CD;[L' U' L: U' M' U2 M U']
DC;[L' U' L: U M' U2 M U]
CF;[Uw: U M2 U', L]
FC;[Uw: L, U M2 U']
CG;"[D; U' R2 U, M']"
GC;"[D; M', U' R2 U]"
CH;[Uw R', U M' U2 M U]
HC;[Uw R', U' M' U2 M U']
CJ;[U R: U M' U2 M U]
JC;[U R: U' M' U2 M U']
CL;[U' L': U' M' U2 M U']
LC;[U' L': U M' U2 M U]
CN;[Uw R: U M' U2 M U]
NC;[Uw R: U' M' U2 M U']
CO;<div>[D': U' L2 U, M']</div>[R' Uw R: U M' U2 M U]
OC;[D': M', U' L2 U]<div>[R' Uw R: U' M' U2 M U']</div>
CP;[Uw': U' M2 U, R']
PC;[Uw': R', U' M2 U]
CR;[U' L: U' M' U2 M U']
RC;[U' L: U M' U2 M U]
CT;[U R': U M' U2 M U]
TC;[U R': U' M' U2 M U']
CV;[D', M' U2 M]
VC;[M' U2 M, D']
CX;[D, M' U2 M]
XC;[M' U2 M, D]
DF;"[F2; R S R', F]<br>Uw"
FD;"[F'; R S R', F']<br>Uw"
DG;[S', Rw' D Rw]
GD;[Rw' D Rw, S']
DH;[Uw: M2, U R' U']
HD;[Uw: U R' U', M2]
DJ;[R: U M' U2 M U]
JD;[R: U' M' U2 M U']
DM;[S, R' F' R]
MD;[R' F' R, S]
DN;"[R'; S, R' F' R]<br>Uw"
ND;"[R'; R' F' R, S]<br>Uw"
DO;[D': L2, U' M' U]
OD;[D': U' M' U, L2]
DP;[R S R', F']
PD;[F', R S R']
DT;[R': U M' U2 M U]
TD;[R': U' M' U2 M U']
DV;[R2: U M' U2 M U]
VD;[R2: U' M' U2 M U']
EF;[U' M' U, L']
FE;[L', U' M' U]
EG;[U' M' U, L2]
GE;[L2, U' M' U]
EH;[U' M' U, L]
HE;[L, U' M' U]
EJ;[F: L', U M2 U']
JE;[F: U M2 U', L']
EL;[Uw': M', U' R U]
LE;[Uw': U' R U, M']
EN;[Rw': U' M U2 M' U']
NE;[Rw': U M U2 M' U]
EO;"[U'; M', U' R2 U]"
OE;"[U'; U' R2 U, M']"
ER;[Uw': M', U L' U']
RE;[Uw': U L' U', M']
ET;[Uw': M', U L U']
TE;[Uw': U L U', M']
EV;[D', M' U' M]
VE;[M' U' M, D']
EW;[M U M', D2]
WE;[D2, M U M']
EX;[D, M' U' M]
XE;[M' U' M, D]
FG;"[L'; U' M' U, L']"
GF;"[L'; L', U' M' U]"
FH;"[L'; U' M' U, L2]"
HF;"[L'; L2, U' M' U]"
FJ;[z': M', U' R U]
JF;[z': U' R U, M']<br>E comm
FM;"[U; U L' U', M']"
MF;"[U; M', U L' U']"
FN;"[R' U; U L' U', M']"
FO;"[R2 U; U L' U', M']"
NF;"[R' U; M', U L' U']"
OF;"[R2 U; M', U L' U']"
FP;[x M2: U' M U2 M' U']
PF;[x M2: U M U2 M' U]
FQ;"[U'; L', U' M' U]"
QF;"[U'; U' M' U, L']"
FR;[z: M', U' L' U]
RF;[z: U' L' U, M']<br>E comm
FT;[x: M D' M', U']
TF;[x: U', M D' M']
FV;<div>[R E R', D]</div>[z': U M' U', R]
VF;<div>[D, R E R']</div><div>[z': R, U M' U']</div>
FW;[x: M D2 M', U']
WF;[x: U', M D2 M']
FX;"[D; D, R E R']"
XF;"[D; R E R', D]"
GH;"[L2; U' M' U, L']"
HG;"[L2; L', U' M' U]"
GJ;"[Uw L2; U' M' U, L]"
JG;"[Uw L2; L, U' M' U]"
GL;"[Uw L2; U' M' U, L']"
LG;"[Uw L2; L', U' M' U]"
GM;"[U; U L2 U', M']"
MG;"[U; M', U L2 U']"
GN;"[R' U; U L2 U', M']"
NG;"[R' U; M', U L2 U']"
GO;[M' D' M D2 M' D' M]
OG;[M' D M D2 M' D M]
GP;"[R U; U L2 U', M']"
PG;"[R U; M', U L2 U']"
GQ;"[U'; L2, U' M' U]"
QG;"[U'; U' M' U, L2]"
GR;"[Uw' L2; U' M' U, L]"
RG;"[Uw' L2; L, U' M' U]"
GT;"[Uw' L2; U' M' U, L']"
TG;"[Uw' L2; L', U' M' U]"
GV;[Rw' D Rw, S]
VG;[S, Rw' D Rw]
GW;"[x' U'; L, U' M2 U]"
WG;"[x' U'; U' M2 U, L]"
HJ;"[z' U'; U' M U, R]"
JH;"[z' U'; R, U' M U]"
HL;[z: M, U L' U']<br>E comm
LH;[z: U L' U', M]
HM;[Lw: U' M U2 M' U']
MH;[Lw: U M U2 M' U]
HN;[x': U' M U2 M' U']
NH;[x': U M U2 M' U]
HO;"[R2 U; U L U', M']"
OH;"[R2 U; M', U L U']"
HP;"[L U'; M', U' R U]"
PH;"[L U'; U' R U, M']"
HT;[z': M, U R U']
TH;[z': U R U', M]
HV;<div>[R' E' R, D]</div>[z': U' M U, R]
VH;[D, R' E' R]<div>[z': R, U' M U]</div>
HW;"[L; M U M', D2]"
WH;"[L; D2, M U M']"
HX;"[Uw' L'; U M2 U', L']"
XH;"[Uw' L'; L', U M2 U']"
JL;[x: M U' M' U2 M U' M']
LJ;[x: M U M' U2 M U M']
JM;[Uw: U L' U', M']
MJ;[Uw: M', U L' U']
JN;[z': U' R U, M]
NJ;[z': M, U' R U]
JO;"[Uw' R'; U M' U', R']"
OJ;"[Uw' R'; R', U M' U']"
JQ;[F: M2, U' L' U]
QJ;[F: U' L' U, M2]
JR;[z': U' R U, M2]
RJ;[z': M2, U' R U]
JW;[R: Uw M Uw2 M Uw]
WJ;[R: Uw' M' Uw2 M' Uw']
JX;[z: U M2 U', L']
XJ;[z: L', U M2 U']
LM;<div>[Uw: U L U', M']</div>[F': U' M2 U, R]
ML;<div>[Uw: M', U L U']</div>[F': R', U' M2 U]
LN;"[z U; L', U M U']"
NL;"[z U; U M U', L']"
LO;"[Uw' R; U M' U', R]"
OL;"[Uw' R; R, U M' U']"
LP;[z: U L' U', M']<br>E comm
PL;[z: M', U L' U']<br>E comm
LT;[z': M2, U R U']
TL;[z': U R U', M2]
LV;[z': U' M2 U, R]
VL;[z': R, U' M2 U]
LW;[L': Uw' M Uw2 M Uw']
WL;[L': Uw M' Uw2 M' Uw]
MN;[U M' U', R']
NM;[R', U M' U']
MO;[U M' U', R2]
OM;[R2, U M' U']
MP;[U M' U', R]
PM;[R, U M' U']
MR;[Uw: M', U' R' U]
RM;[Uw: U' R' U, M']
MT;[Uw: M', U' R U]
TM;[Uw: U' R U, M']
MV;[D', M' U M]
VM;[M' U M, D']
MW;[M U' M', D2]
WM;[D2, M U' M']
MX;[D, M' U M]
XM;[M' U M, D]
NO;"[R'; U M' U', R']"
ON;"[R'; R', U M' U']"
NP;"[R'; U M' U', R2]"
PN;"[R'; R2, U M' U']"
NQ;"[U; R', U M' U']"
QN;"[U; U M' U', R']"
NR;[z: U' L' U, M]
RN;[z: M, U' L' U]<br>E comm
NV;"[Uw R; U' M2 U, R]"
VN;"[Uw R; R, U' M2 U]"
NW;"[R'; M U' M', D2]"
WN;"[R'; D2, M U' M']"
NX;"[Uw' L; U M2 U', L]"
XN;"[Uw' L; L, U M2 U']"
OP;"[R2; U M' U', R']"
PO;"[R2; R', U M' U']"
OQ;"[U; R2, U M' U']"
QO;"[U; &nbsp;U M' U', R2]"
OR;"[Uw R2; U M' U', R]"
RO;"[Uw R2; R, U M' U']"
OT;"[Uw R; R, U M' U']"
TO;"[Uw R; U M' U', R]"
OW;"[x' U; R', U M2 U']"
WO;"[x' U; U M2 U', R']"
OX;[R F' R', S']
XO;[S', R F' R']
PR;[x: M D M', U]
RP;[x: U, M D M']
PT;[z': M', U R U']
TP;[z': U R U', M']
PV;"[Uw' R'; U' M2 U, R']"
VP;"[Uw' R'; R', U' M2 U]"
PW;[x: M D2 M', U]
WP;[x: U, M D2 M']
PX;[z: U' M' U, L']
XP;[z: L', U' M' U]
RT;[x': M' U M' U2 M U M]
TR;[x': M' U' M' U2 M U' M]
RV;[z': U M2 U', R]
VR;[z': R, U M2 U']
RW;[L: Uw' M Uw2 M Uw']
WR;[L: Uw M' Uw2 M' Uw]
TW;[R': Uw M Uw2 M Uw]
WT;[R': Uw' M' Uw2 M' Uw']
TX;[z: U' M2 U, L']<br>E comm
XT;[z: L', U' M2 U]
VW;[R2: Uw M Uw2 M Uw]
WV;[R2: Uw' M' Uw2 M' Uw']
VX;[y L2: Uw M' Uw2 M' Uw]<div>M2 D' M' D2 M D' M2</div>
XV;[y' R2: Uw' M' Uw2 M' Uw']<div>M2 D M' D2 M D M2</div>
WX;[L2: Uw M' Uw2 M' Uw]
XW;[L2: Uw' M Uw2 M Uw']
EP;[U': M', U' R U]
PE;[U': U' R U, M']
BM;flip
MB;flip
CI;flip
IC;flip
DE;flip
ED;flip
FL;flip
LF;flip
GX;flip
XG;flip
HR;flip
RH;flip
JP;flip
PJ;flip
NT;flip
TN;flip
OV;flip
VO;flip
SW;flip
WS;flip
