CD;[U2 R: [r2, U R' U']]
CA;[U' R' U: [U R U', r2]]
CB;[U' R: [U R' U', r2]]
CG;[D: [U' R2 U, l']
CH;[Lw' U': [U' r U, L2]]
CE;[U' Rw: [U R' U', r]]
CF;[4Uw': [U' r2 U, R]]
CK;[r': [D2, r' U2 r]]
CL;[U: [U r2 U', L']]
CI;[U2 Lw U2 Lw' U2, r]
CJ;[U': [U' r2 U, R]]
CO;[D': [U L2 U', l']]
CP;[Uw': [U' r2 U, R']]
CM;[Lw' U R: [U' R' U, r]]
CN;[Lw' U: [U r U', R']]
CS;[U' Rw': [U R U', r']]
CT;[U': [U' r2 U, R']]
CQ;[D': [U L2 U', l]]
CR;[U: [U r2 U', L]]
CW;[Lw' U Lw: [D2, r U r']]
CX;[U: [U r2 U', L2]]
CV;[U': [U' r2 U, R2]]
DC;[U2 R: [U R' U', r2]]
DA;[U R: [r2, U R' U']]
DB;[Rw' U: [r', U R U']]
DG;[D': [L2, U r' U']]
DH;[Uw: [r2, U R' U']]
DE;[U': [U2 Lw U2 Lw' U2, r]]
DF;[U r': [r2, U L' U']]
DK;[r': [D2, r' U r]]
DL;[U r2 U', L']
DI;[x: [U' L U, r]]
DJ;[U: [r2, U R U']]
DO;[D': [L2, U' l' U]]
DP;[Uw: [r2, U' L' U]]
DM;[D': [L2, U r U']]
DN;[4Uw: [r2, U R U']]
DS;[r, D' L2 D]
DT;[U: [r2, U R' U']]
DQ;[U2 Rw: [U R' U', r]]
DR;[U r2 U', L]
DW;[Lw U2: [r', D' L D]]
DX;[U r2 U', L2]
DV;[R U: [r2, U R U']]
AC;[U' R' U: [r2, U R U']]
AD;[U R: [U R' U', r2]]
AB;[R: [r2, U R' U']]
AG;[D': [U' L2 U, r']]
AH;[Uw: [U' r2 U, R']]
AE;[4Lw: [r2, U L' U']]
AF;[r: [U L' U', r2]]
AK;[Lw2 U2: [U2 Lw U2 Lw' U2, r]]
AL;[r2, U' L' U]
AI;[D: [U R2 U', r]]
AJ;[r2, U R U']
AO;[D: [U R2 U', r']]
AP;[r: [U' R U, r2]]
AM;[Rw: [U' R' U, r2]]
AN;[r: [U' R' U, r2]]
AS;[U Rw': [U R U', r']]
AT;[r2, U R' U']
AQ;[U2: [U2 Lw U2 Lw' U2, r]]
AR;[r2, U' L U]
AW;[D' R D: [r2, U R U']]
AX;[r2, U' L2 U]
AV;[r2, U R2 U']
BC;[U' R: [r2, U R' U']]
BD;[Rw' U: [U R U', r']]
BA;[R: [U R' U', r2]]
BG;[D: [R2, U l' U']]
BH;[Uw': [r2, U' L' U]]
BE;[D: [R2, U' r U]]
BF;[U' r': [r2, U L' U']]
BK;[Rw2 U: [U l' U', R2]]
BL;[U': [r2, U' L' U]]
BI;[Rw: [U R' U', r]]
BJ;[U' r2 U, R]
BO;[D: [R2, U' r' U]]
BP;[Uw': [r2, U R' U']]
BM;[U: [U2 Lw U2 Lw' U2, r]]
BN;[U' r: [U' R' U, r2]]
BS;[r, D R2 D']
BT;[U' r2 U, R']
BQ;[R2: [r U2 r', D']]
BR;[U': [r2, U' L U]]
BW;[Rw2 D' [U R2 U', r2]]
BX;[U': [r2, U' L2 U]]
BV;[U' r2 U, R2]
GC;[D: [l', U' R2 U]
GD;[D': [U r' U', L2]]
GA;[D': [r', U' L2 U]]
GB;[D: [U l' U', R2]]
GH;[L: [L, U' r U]]
GE;[L2, U' r U]
GF;[L': [L', U' r U]]
GK;[Lw2: [U, l' D2 l]]
GL;[D' L': [U r' U', L']]
GI;[U L2 U', r]
GJ;[D R: [U l' U', R]]
GO;[R2 U: [U L2 U', r]]
GP;[R U: [U L2 U', r]]
GM;[U: [U L2 U', r]]
GN;[R' U: [U L2 U', r]]
GS;[x: [U L' U', r]]
GT;[Rw': [r' U' r, D']]
GQ;[U': [L2, U' r U]]
GR;[D' L: [U r' U', L]]
GW;[L2: [D2, r U' r']]
GX;[L' Uw L: [L2, U' r U]]
GV;[L2: [D', r U' r']]
HC;[Lw' U': [L2, U' r U]]
HD;[Uw: [U R' U', r2]]
HA;[Uw: [R', U' r2 U]]
HB;[Uw': [U' L' U, r2]]
HG;[L: [U' r U, L]]
HE;[L, U' r U]
HF;[L: [U' r U, L2]]
HK;[Lw2 U': [L', U' r U]]
HL;[z: [r', U L' U']]
HI;[U L U', r]
HJ;[R Uw': [U' L' U, r2]]
HO;[L U': [r, U' R2 U]]
HP;[L U': [r, U' R U]]
HM;[U: [U L U', r]]
HN;[L U': [r, U' R' U]]
HS;[D L' D', r']
HT;[z': [l, U R U']]
HQ;[U': [L, U' r U]]
HR;[Uw' L' : [U r2 U', L2]]
HW;[L: [D2, r U' r']]
HX;[Uw' L': [U r2 U', L']]
HV;[z': [U' l U, R]]
EC;[U' Rw: [r, U R' U']]
ED;[U': [r, U2 Lw U2 Lw' U2]]
EA;[4Lw: [U L' U', r2]]
EB;[D: [U' r U, R2]]
EG;[U' r U, L2]
EH;[U' r U, L]
EF;[U' r U, L']
EK;[U' Lw': [r, U2 Lw U2 Lw' U2]]
EL;[Uw': [r, U' R U]]
EI;[3Lw': [U L U', r]]
EJ;[U': [D R' D', r']]
EO;[U': [r, U' R2 U]]
EP;[U': [r, U' R U]]
EM;[R U': [r, U' R' U]]
EN;[U': [r, U' R' U]]
ES;[D L2 D', r']
ET;[Uw': [r, U L U']]
EQ;[U, l' D2 l]
ER;[4Uw': [r, U L' U']]
EW;[D2, r U' r']
EX;[D, r U' r']
EV;[D', r U' r']
FC;[4Uw': [R, U' r2 U]]
FD;[U r': [U L' U', r2]]
FA;[r: [r2, U L' U']]
FB;[U' r': [U L' U', r2]]
FG;[L': [U' r U, L']]
FH;[L: [L2, U' r U]]
FE;[L', U' r U]
FK;[Lw2 U': [L, U' r U]]
FL;[Uw L : [L2, U' r U]]
FI;[U L' U', r]
FJ;[z': [r, U' R U]]
FO;[R2 U: [U L' U', r]]
FP;[R U: [U L' U', r]]
FM;[U: [U L' U', r]]
FN;[R' U: [U L' U', r]]
FS;[D L D', r']
FT;[x: [r' D' r, U']]
FQ;[U': [L', U' r U]]
FR;[z: [U' L' U, l']]
FW;[L': [D2, r U' r']]
FX;[L' Uw': [r, U' R U]]
FV;[z': [U r U', R]]
KC;[r': [r' U2 r, D2]]
KD;[r': [r' U r, D2]]
KA;[Lw2 U2: [r, U2 Lw U2 Lw' U2]]
KB;[Rw2 U: [R2, U l' U']]
KG;[Lw2: [l' D2 l, U]]
KH;[Lw2 U': [U' r U, L']]
KE;[U' Lw': [U2 Lw U2 Lw' U2, r]]
KF;[Lw2 U': [U' r U, L]]
KL;[l' U: [U r2 U', L']]
KI;[Lw': [U2 Lw U2 Lw' U2, r]]
KJ;[Lw' U': [U' r2 U, R]]
KO;[Rw U': [R, U' l2 U]]
KP;[Lw2 U: [R, U r U']]
KM;[Rw U': [R', U' l2 U]]
KN;[Rw U': [R2, U' l2 U]]
KS;[r': [l' U2 l, D2]]
KT;[Rw': [r' U' r, D2]]
KQ;[U Lw: [r U r', D2]]
KR;[Lw' U: [U r2 U', L2]]
KW;[l: [D2, r U2 r']]
KX;[Lw' U: [U r2 U', L']]
KV;[Rw2: [U', r D2 r']]
LC;[U2: [U' L' U, r2]]
LD;[L', U r2 U']
LA;[U' L' U, r2]
LB;[U': [U' L' U, r2]]
LG;[D' L': [L', U r' U']]
LH;[z: [U L' U', r']]
LE;[Uw': [U' R U, r]]
LF;[Uw L : [U' r U, L2]]
LK;[l' U: [L', U r2 U']]
LI;[Uw': [R, U r U']]
LJ;[R U': [U' L' U, r2]]
LO;[R2 Uw: [U L U', r]]
LP;[z: [U L' U', r]]
LM;[Uw: [U L U', r]]
LN;[R' Uw: [U L U', r]]
LS;[D' L D, r]
LT;[z: [U L' U', r2]]
LQ;[U2: [r', D' L D]]
LR;[L': [U r2 U', L2]]
LW;[Lw: [r U2 r', D]]
LX;[L': [U r2 U', L']]
LV;[L' U: [r2, U R2 U']]
IC;[r, U2 Lw U2 Lw' U2]
ID;[x: [r, U' L U]]
IA;[D: [r, U R2 U']]
IB;[Rw: [r, U R' U']]
IG;[r, U L2 U']
IH;[r, U L U']
IE;[3Lw': [r, U L U']]
IF;[r, U L' U']
IK;[Lw': [r, U2 Lw U2 Lw' U2]]
IL;[Uw': [U r U', R]]
IJ;[r: [r, U R U']]
IO;[r, U' R2 U]
IP;[r, U' R U]
IM;[R: [r, U' R' U]]
IN;[r, U' R' U]
IS;[U' Rw: [U' R' U, r]]
IT;[r : [r, U R' U']]
IQ;[U2, l' D2 l]
IR;[D' L' D, r']
IW;[l U2 l', D2]
IX;[x: [r, U' L' U]]
IV;[Rw: [r, U R U']]
JC;[U': [R, U' r2 U]]
JD;[U: [U R U', r2]]
JA;[U R U', r2]
JB;[R, U' r2 U]
JG;[D R: [R, U l' U']]
JH;[R Uw': [r2, U' L' U]]
JE;[U': [r', D R' D']]
JF;[z': [U' R U, r]]
JK;[Lw' U': [R, U' r2 U]]
JL;[R U': [r2, U' L' U]]
JI;[r: [U R U', r]]
JO;[R Uw': [r2, U R' U']]
JP;[Uw' R: [U' r2 U, R2]]
JM;[U r: [U R U', r]]
JN;[z': [U' R U, r']]
JS;[D R' D', r]
JT;[Rw': [U' r' U, R2]]
JQ;[R': [r U2 r', D']]
JR;[z': [U' R U, r2]]
JW;[Rw2 U: [U l2 U', R']]
JX;[R U': [r2, U' L2 U]]
JV;[R: [U' r2 U, R]]
OC;[D': [l', U L2 U']]
OD;[D': [U' l' U, L2]]
OA;[D: [r', U R2 U']]
OB;[D: [U' r' U, R2]]
OG;[R2 U: [r, U L2 U']]
OH;[L U': [U' R2 U, r]]
OE;[U': [U' R2 U, r]]
OF;[R2 U: [r, U L' U']]
OK;[Rw U': [U' l2 U, R]]
OL;[R2 Uw: [r, U L U']]
OI;[U' R2 U, r]
OJ;[R Uw': [U R' U', r2]]
OP;[R: [R, U r U']]
OM;[R2, U r U']
ON;[R': [R', U r U']]
OS;[x: [U' R U, r]]
OT;[D R': [U' r' U, R']]
OQ;[U: [R2, U r U']]
OR;[D' L: [U' l' U, L]]
OW;[R2: [D2, r U r']]
OX;[R2: [D, r U r']]
OV;[R Uw' R': [U' r2 U, R2]]
PC;[Uw': [R', U' r2 U]]
PD;[Uw: [U' L' U, r2]]
PA;[r: [r2, U' R U]]
PB;[Uw': [U R' U', r2]]
PG;[R U: [r, U L2 U']]
PH;[L U': [U' R U, r]]
PE;[U': [U' R U, r]]
PF;[R U: [r, U L' U']]
PK;[Lw2 U: [U r U', R]]
PL;[z: [r, U L' U']]
PI;[U' R U, r]
PJ;[Uw' R: [R2, U' r2 U]]
PO;[R: [U r U', R]]
PM;[R, U r U']
PN;[R': [R2, U r U']]
PS;[D' R' D, r']
PT;[z': [l', U R U']]
PQ;[U: [R, U r U']]
PR;[x: [r' D r, U]]
PW;[R: [D2, r U r']]
PX;[R: [D, r U r']]
PV;[R U r: [r, U R U']]
MC;[Lw' U R: [r, U' R' U]]
MD;[D': [U r U', L2]]
MA;[Rw: [r2, U' R' U]]
MB;[U: [r, U2 Lw U2 Lw' U2]]
MG;[U: [r, U L2 U']]
MH;[U: [r, U L U']]
ME;[R U': [U' R' U, r]]
MF;[U: [r, U L' U']]
MK;[Rw U': [U' l2 U, R']]
ML;[Uw: [r, U L U']]
MI;[R: [U' R' U, r]]
MJ;[U r: [r, U R U']]
MO;[U r U', R2]
MP;[U r U', R]
MN;[U r U', R']
MS;[Rw: [U' R' U, r]]
MT;[Uw: [r, U' R U]]
MQ;[U', l' D2 l]
MR;[4Uw: [r, U' R' U]]
MW;[D2, r U r']
MX;[D, r U r']
MV;[D', r U r']
NC;[Lw' U: [R', U r U']]
ND;[4Uw: [U R U', r2]]
NA;[r: [r2, U' R' U]]
NB;[U' r: [r2, U' R' U]]
NG;[R' U: [r, U L2 U']]
NH;[L U': [U' R' U, r]]
NE;[U': [U' R' U, r]]
NF;[R' U: [r, U L' U']]
NK;[Rw U': [U' l2 U, R2]]
NL;[R' Uw: [r, U L U']]
NI;[U' R' U, r]
NJ;[z': [r', U' R U]]
NO;[R': [U r U', R']]
NP;[R': [U r U', R2]]
NM;[R', U r U']
NS;[D' R D, r']
NT;[Uw R': [U r U', R2]]
NQ;[U: [R', U r U']]
NR;[z: [l, U' L' U]]
NW;[R': [D2, r U r']]
NX;[R': [D, r U r']]
NV;[R' Uw: [r, U' R U]]
SC;[U' Rw': [r', U R U']]
SD;[D' L2 D, r]
SA;[U Rw': [r', U R U']]
SB;[D R2 D', r]
SG;[x: [r, U L' U']]
SH;[r', D L' D']
SE;[r', D L2 D']
SF;[r', D L D']
SK;[r': [D2, l' U2 l]]
SL;[r, D' L D]
SI;[U' Rw: [r, U' R' U]]
SJ;[r, D R' D']
SO;[x: [r, U' R U]]
SP;[r', D' R' D]
SM;[Rw: [r, U' R' U]]
SN;[r', D' R D]
ST;[r' : [r', U R' U']]
SQ;[U: [r', D' R2 D]]
SR;[r' : [r', U' L U]]
SW;[r: [D2, l U2 l']]
SX;[r': [r', U' L2 U]]
SV;[r': [r', U R2 U']]
TC;[U': [R', U' r2 U]]
TD;[U: [U R' U', r2]]
TA;[U R' U', r2]
TB;[R', U' r2 U]
TG;[Rw': [D', r' U' r]]
TH;[z': [U R U', l]]
TE;[Uw': [U L U', r]]
TF;[x: [U', r' D' r]]
TK;[Rw': [D2, r' U' r]]
TL;[z: [r2, U L' U']]
TI;[r: [U R' U', r]]
TJ;[Rw': [R2, U' r' U]]
TO;[D R': [R', U' r' U]]
TP;[z': [U R U', l']]
TM;[Uw: [U' R U, r]]
TN;[Uw R': [R2, U r U']]
TS;[r': [U R' U', r']]
TQ;[Uw: [R, U r U']]
TR;[Rw' U': [r', U' L U]]
TW;[Rw: [D, l U2 l']]
TX;[z: [L', U' r2 U]]
TV;[Rw': [U' r' U, R']]
QC;[D': [l, U L2 U']]
QD;[U2 Rw: [r, U R' U']]
QA;[U2: [r, U2 Lw U2 Lw' U2]]
QB;[R2: [D', r U2 r']]
QG;[U': [U' r U, L2]]
QH;[U': [U' r U, L]]
QE;[l' D2 l, U]
QF;[U': [U' r U, L']]
QK;[U Lw: [D2, r U r']]
QL;[U2: [D' L D, r']]
QI;[l' D2 l, U2]
QJ;[R' U: [D', r U r']]
QO;[U: [U r U', R2]]
QP;[U: [U r U', R]]
QM;[l' D2 l, U']
QN;[U: [U r U', R']]
QS;[U: [D' R2 D, r']]
QT;[Uw: [U r U', R]]
QR;[L' U': [r U' r', D]]
QW;[D2, r U2 r']
QX;[D, r U2 r']
QV;[D', r U2 r']
RC;[U: [L, U r2 U']]
RD;[L, U r2 U']
RA;[U' L U, r2]
RB;[U': [U' L U, r2]]
RG;[D' L: [L, U r' U']]
RH;[Uw' L' : [L2, U r2 U']]
RE;[4Uw': [U L' U', r]]
RF;[z: [l', U' L' U]]
RK;[Lw' U: [L2, U r2 U']]
RL;[L': [L2, U r2 U']]
RI;[r', D' L' D]
RJ;[z': [r2, U' R U]]
RO;[D' L: [L, U' l' U]]
RP;[x: [U, r' D r]]
RM;[4Uw: [U' R' U, r]]
RN;[z: [U' L' U, l]]
RS;[r': [U' L U, r']]
RT;[Rw' U': [U' L U, r']]
RQ;[L' U': [D, r U' r']]
RW;[Lw2 U : [L', U r2 U']]
RX;[L: [U r2 U', L]]
RV;[R d2 R', D]
WC;[Lw' U Lw: [r U r', D2]]
WD;[Lw U2: [D' L D, r']]
WA;[D' R D: [U R U', r2]]
WB;[Rw2 D' [r2, U R2 U']]
WG;[L2: [r U' r', D2]]
WH;[L: [r U' r', D2]]
WE;[r U' r', D2]
WF;[L': [r U' r', D2]]
WK;[l: [r U2 r', D2]]
WL;[Lw: [D, r U2 r']]
WI;[D2, l U2 l']
WJ;[Rw2 U: [R', U l2 U']]
WO;[R2: [r U r', D2]]
WP;[R: [r U r', D2]]
WM;[r U r', D2]
WN;[R': [r U r', D2]]
WS;[r: [l U2 l', D2]]
WT;[Rw: [l U2 l', D]]
WQ;[r U2 r', D2]
WR;[Lw2 U: [U r2 U', L']]
WX;[l: [D, r U2 r']]
WV;[l: [D', r U2 r']]
XC;[U: [L2, U r2 U']]
XD;[L2, U r2 U']
XA;[U' L2 U, r2]
XB;[U': [U' L2 U, r2]]
XG;[L' Uw L: [U' r U, L2]]
XH;[Uw' L': [L', U r2 U']]
XE;[r U' r', D]
XF;[L' Uw': [U' R U, r]]
XK;[Lw' U: [L', U r2 U']]
XL;[L': [L', U r2 U']]
XI;[x: [U' L' U, r]]
XJ;[R U': [U' L2 U, r2]]
XO;[R2: [r U r', D]]
XP;[R: [r U r', D]]
XM;[r U r', D]
XN;[R': [r U r', D]]
XS;[r': [U' L2 U, r']]
XT;[z: [U' r2 U, L']]
XQ;[r U2 r', D]
XR;[L: [L, U r2 U']]
XW;[l: [r U2 r', D]]
XV;[R2 D: [U' r2 U, R2]]
VC;[U': [R2, U' r2 U]]
VD;[R U: [U R U', r2]]
VA;[U R2 U', r2]
VB;[R2, U' r2 U]
VG;[L2: [r U' r', D']]
VH;[z': [R, U' l U]]
VE;[r U' r', D']
VF;[z': [R, U r U']]
VK;[Rw2: [r D2 r', U']]
VL;[L' U: [U R2 U', r2]]
VI;[Rw: [U R U', r]]
VJ;[R: [R, U' r2 U]]
VO;[R Uw' R': [R2, U' r2 U]]
VP;[R U r: [U R U', r]]
VM;[r U r', D']
VN;[R' Uw: [U' R U, r]]
VS;[r': [U R2 U', r']]
VT;[Rw': [R', U' r' U]]
VQ;[r U2 r', D']
VR;[D, R d2 R']
VW;[l: [r U2 r', D']]
VX;[R2 D: [R2, U' r2 U]]
